¹Ì¶¨Ki£¬Kd_smoothed_smoothed,"error,Kp=1,Ki=0,Kd=0_smoothed","error,Kp=3,Ki=0,Kd=0_smoothed","error,Kp=4,Ki=0,Kd=0_smoothed","¹Ì¶¨Kp,Ki_smoothed_smoothed","error,Kp=3,Ki=0,Kd=0_smoothed","error,Kp=3,Ki=0,Kd=1_smoothed","error,Kp=3,Ki=0,Kd=5_smoothed","¹Ì¶¨Kp,Kd_smoothed_smoothed","error,Kp=3,Ki=0,Kd=0_smoothed","error,Kp=3,Ki=0.005,Kd=0_smoothed","error,Kp=3,Ki=0.007,Kd=0_smoothed","error,Kp=3,Ki=0.01,Kd=0_smoothed"
,-0.000438349,0.00069667,0.001377885,,0.00069667,0.000715192,-5.64E-06,,0.00069667,-0.000307106,0.00023954,-0.000680971
,-0.000426739,0.000681544,0.001380415,,0.000681544,0.000719945,-5.71E-06,,0.000681544,-0.000307106,0.000242067,-0.00067163
,-0.000403529,0.000677177,0.001396941,,0.000677177,0.000762049,1.66E-06,,0.000677177,-0.00025977,0.00024663,-0.000657905
,-0.000351277,0.000679024,0.001414928,,0.000679024,0.000722893,4.82E-05,,0.000679024,-0.000129222,0.000281528,-0.00059549
,4.57E-05,0.000983057,0.001434115,,0.000983057,0.000982226,0.00012659,,0.000983057,0.00037683,0.000686458,-0.000512345
,0.000626732,0.001447851,0.001699166,,0.001447851,0.001709016,0.000486415,,0.001447851,0.001120529,0.0012766,-0.000129274
,0.001566246,0.002219202,0.002350038,,0.002219202,0.002741569,0.001181048,,0.002219202,0.00201286,0.002206309,0.000436676
,0.002742616,0.003172737,0.003247751,,0.003172737,0.003983364,0.002086777,,0.003172737,0.003177854,0.003372845,0.001312479
,0.004059405,0.004384769,0.00445475,,0.004384769,0.005568323,0.003286756,,0.004384769,0.004610545,0.004896554,0.002544248
,0.005454217,0.005756226,0.005879086,,0.005756226,0.007240397,0.004865693,,0.005756226,0.00602213,0.006490758,0.00401804
,0.007644477,0.007906738,0.008041196,,0.007906738,0.009759161,0.00727807,,0.007906738,0.008299075,0.009059909,0.006299972
,0.010172509,0.010445991,0.010576688,,0.010445991,0.012621685,0.010212801,,0.010445991,0.010934805,0.012106353,0.009209926
,0.013040669,0.01349753,0.013493565,,0.01349753,0.015971502,0.013682219,,0.01349753,0.013897706,0.015603634,0.012609417
,0.016247151,0.016924329,0.016777657,,0.016924329,0.019852096,0.017621559,,0.016924329,0.017185256,0.019514908,0.016357471
,0.019621638,0.02054757,0.020435358,,0.02054757,0.024111988,0.021813037,,0.02054757,0.020663891,0.023694822,0.02057469
,0.023140937,0.024353859,0.024306278,,0.024353859,0.02851974,0.026140952,,0.024353859,0.024298028,0.028167781,0.025029242
,0.026613938,0.028164762,0.028301832,,0.028164762,0.033113997,0.030336509,,0.028164762,0.028100997,0.032687657,0.029636282
,0.030037076,0.031974869,0.032418056,,0.031974869,0.037808516,0.034463848,,0.031974869,0.031918146,0.037262122,0.034236783
,0.033612014,0.035707679,0.036488111,,0.035707679,0.042292466,0.038402963,,0.035707679,0.035648536,0.041654208,0.038783259
,0.037225655,0.039381263,0.040491981,,0.039381263,0.046735509,0.04204303,,0.039381263,0.039503701,0.046065036,0.043179489
,0.04089634,0.042998697,0.044427682,,0.042998697,0.051180044,0.045525412,,0.042998697,0.043350211,0.050207616,0.047418267
,0.044594068,0.046488629,0.048156866,,0.046488629,0.05558433,0.048866721,,0.046488629,0.047237046,0.054126485,0.051272114
,0.048279776,0.049624675,0.051701334,,0.049624675,0.059767368,0.052054933,,0.049624675,0.051048179,0.057918789,0.054929954
,0.051876887,0.052528372,0.055042899,,0.052528372,0.063688202,0.055014292,,0.052528372,0.05471318,0.061548838,0.058384401
,0.055390301,0.055123756,0.058242061,,0.055123756,0.067373813,0.057949671,,0.055123756,0.05817916,0.065010527,0.061599843
,0.058965956,0.057427846,0.061255119,,0.057427846,0.070730613,0.060691346,,0.057427846,0.061419899,0.068329109,0.064563657
,0.062508656,0.059523363,0.06401558,,0.059523363,0.07371454,0.063368496,,0.059523363,0.064382719,0.07155438,0.067385754
,0.066132201,0.061440499,0.066489103,,0.061440499,0.076318948,0.065814627,,0.061440499,0.06716304,0.074619377,0.070083309
,0.069529877,0.063138419,0.068663988,,0.063138419,0.078695642,0.06803169,,0.063138419,0.069740944,0.077519464,0.072614317
,0.072815174,0.064636807,0.070486295,,0.064636807,0.080763188,0.069969192,,0.064636807,0.072129436,0.080169142,0.075009135
,0.075930679,0.065895291,0.071955394,,0.065895291,0.082583765,0.07162988,,0.065895291,0.074280483,0.082653719,0.077244038
,0.078937947,0.066933274,0.073215932,,0.066933274,0.084221136,0.0729754,,0.066933274,0.076117293,0.084914311,0.079388162
,0.081859119,0.067799143,0.074183742,,0.067799143,0.085727043,0.073999856,,0.067799143,0.077639184,0.086829885,0.081302019
,0.084768268,0.068458802,0.074853704,,0.068458802,0.087112523,0.074801416,,0.068458802,0.078872518,0.088471178,0.083083918
,0.087743963,0.069024437,0.075161095,,0.069024437,0.088332725,0.075339259,,0.069024437,0.079821625,0.089789588,0.084606935
,0.090612613,0.069510639,0.075139843,,0.069510639,0.089479036,0.075737205,,0.069510639,0.080564496,0.090757942,0.085943948
,0.093476693,0.069859753,0.074829813,,0.069859753,0.09046512,0.076004051,,0.069859753,0.081159156,0.09142022,0.087022459
,0.096241413,0.070065547,0.074259282,,0.070065547,0.091326982,0.076262353,,0.070065547,0.081556081,0.091808548,0.087820581
,0.099005477,0.070104492,0.073516596,,0.070104492,0.091985326,0.076502207,,0.070104492,0.081784529,0.091990149,0.088252855
,0.101706455,0.069940067,0.072652643,,0.069940067,0.092491782,0.076676284,,0.069940067,0.081772687,0.091997899,0.088386645
,0.10438299,0.069558666,0.071731798,,0.069558666,0.092769582,0.076701846,,0.069558666,0.081516045,0.091876319,0.088215961
,0.107067219,0.069084419,0.070737224,,0.069084419,0.092838237,0.076583439,,0.069084419,0.08103014,0.091599608,0.087764459
,0.109676048,0.068542231,0.069763083,,0.068542231,0.092645452,0.076329548,,0.068542231,0.080496804,0.091199707,0.087071619
,0.112253051,0.068008459,0.068794724,,0.068008459,0.09224888,0.075938732,,0.068008459,0.079923727,0.090677951,0.086202373
,0.114815279,0.067433644,0.067830876,,0.067433644,0.091607896,0.075464624,,0.067433644,0.079362278,0.090082294,0.085160137
,0.117338289,0.066812873,0.066896938,,0.066812873,0.090780058,0.074914394,,0.066812873,0.078754736,0.089344068,0.083976904
,0.119735018,0.066101222,0.065979434,,0.066101222,0.089785274,0.074295681,,0.066101222,0.07808972,0.088488875,0.082652826
,0.121993569,0.065322939,0.06503164,,0.065322939,0.088710178,0.073544844,,0.065322939,0.077255052,0.087484167,0.081258375
,0.124091324,0.064456956,0.064061388,,0.064456956,0.087576075,0.07269014,,0.064456956,0.076298916,0.08632715,0.079852809
,0.126060835,0.063564716,0.063119932,,0.063564716,0.086454214,0.071750423,,0.063564716,0.075225696,0.085020215,0.078451109
,0.127954449,0.0626855,0.062135738,,0.0626855,0.085319715,0.070810293,,0.0626855,0.074158022,0.083591725,0.077088017
,0.129736353,0.061763504,0.061160875,,0.061763504,0.084189314,0.069833699,,0.061763504,0.073127249,0.08214424,0.075740327
,0.131475893,0.060844395,0.060139551,,0.060844395,0.083036526,0.068857034,,0.060844395,0.072083392,0.080746437,0.074446764
,0.133187146,0.059900801,0.059134532,,0.059900801,0.081876647,0.067855333,,0.059900801,0.071042529,0.079317876,0.073102105
,0.134733024,0.058978832,0.058113391,,0.058978832,0.080696566,0.066858779,,0.058978832,0.069960031,0.077870379,0.07178405
,0.136151055,0.058017055,0.057067907,,0.058017055,0.079522088,0.065825729,,0.058017055,0.0688465,0.076440208,0.07041182
,0.137500439,0.057102556,0.055965601,,0.057102556,0.078348947,0.064798478,,0.057102556,0.067628471,0.074997852,0.06909687
,0.138764711,0.056143605,0.054919012,,0.056143605,0.077180946,0.0637641,,0.056143605,0.066436652,0.073532391,0.067778511
,0.139967096,0.055224288,0.053828464,,0.055224288,0.075992232,0.0627337,,0.055224288,0.065221076,0.072100412,0.066451876
,0.141169583,0.054257868,0.052705038,,0.054257868,0.074773182,0.06168728,,0.054257868,0.064033067,0.070661911,0.065112647
,0.142293959,0.053251713,0.051593534,,0.053251713,0.07356845,0.060637588,,0.053251713,0.062835234,0.069274835,0.063760163
,0.143321937,0.052205209,0.050505447,,0.052205209,0.072333797,0.059580112,,0.052205209,0.061627218,0.067909804,0.062404169
,0.144242268,0.05113812,0.049407198,,0.05113812,0.071123517,0.058521936,,0.05113812,0.060423206,0.066520685,0.061007253
,0.144959926,0.050019102,0.048337806,,0.050019102,0.069886238,0.057513165,,0.050019102,0.059162641,0.065109012,0.059675687
,0.145506021,0.048855087,0.047284068,,0.048855087,0.068681525,0.056515755,,0.048855087,0.057855469,0.063700087,0.058296697
,0.145933832,0.047721085,0.046285804,,0.047721085,0.06742592,0.055541104,,0.047721085,0.056509942,0.062298501,0.056981675
,0.146285281,0.046569454,0.045294056,,0.046569454,0.066160587,0.054583037,,0.046569454,0.055246377,0.060839422,0.055593476
,0.146565607,0.045427142,0.044295339,,0.045427142,0.064836484,0.053652163,,0.045427142,0.053944396,0.059440131,0.054172288
,0.14678091,0.044286075,0.043322494,,0.044286075,0.06358826,0.052707469,,0.044286075,0.052620134,0.058041945,0.052647068
,0.146899964,0.043225673,0.042378717,,0.043225673,0.06232246,0.051828368,,0.043225673,0.05132993,0.056654589,0.051090697
,0.146930297,0.042210448,0.041436103,,0.042210448,0.061084117,0.050947625,,0.042210448,0.050005437,0.055230549,0.049462772
,0.146873842,0.041224439,0.040509711,,0.041224439,0.059881757,0.050101168,,0.041224439,0.048626581,0.053766316,0.047785715
,0.146769881,0.040264473,0.039636366,,0.040264473,0.058728019,0.049240735,,0.040264473,0.04718757,0.052251802,0.04610914
,0.146628123,0.039316739,0.038779663,,0.039316739,0.057563002,0.048366441,,0.039316739,0.045802692,0.050822364,0.044470652
,0.146453981,0.038378164,0.037956648,,0.038378164,0.056420231,0.047439742,,0.038378164,0.044469224,0.049415061,0.042879924
,0.146188643,0.0374278,0.03717424,,0.0374278,0.055275115,0.046497296,,0.0374278,0.043188191,0.048027075,0.041259361
,0.145830763,0.036510392,0.036472799,,0.036510392,0.054198916,0.045505845,,0.036510392,0.041857648,0.046716529,0.039721801
,0.145360036,0.035654802,0.035814607,,0.035654802,0.053139257,0.044523855,,0.035654802,0.040603278,0.045412897,0.038227492
,0.14481428,0.034825433,0.035198104,,0.034825433,0.052060663,0.043540307,,0.034825433,0.039374822,0.044063215,0.036766022
,0.144196902,0.033958281,0.034581369,,0.033958281,0.051011542,0.04255122,,0.033958281,0.038106809,0.042721369,0.035320671
,0.14355078,0.033117352,0.033949741,,0.033117352,0.049964733,0.041567761,,0.033117352,0.036906214,0.041374978,0.03400648
,0.142828244,0.03232798,0.033299367,,0.03232798,0.048857619,0.040594602,,0.03232798,0.035814467,0.040090891,0.032762365
,0.142048308,0.031529117,0.032641142,,0.031529117,0.047707253,0.039634932,,0.031529117,0.034825435,0.038825278,0.031528632
,0.14120261,0.030772657,0.031958387,,0.030772657,0.046527303,0.038679322,,0.030772657,0.03388862,0.037555777,0.030286187
,0.140327327,0.030068525,0.031309753,,0.030068525,0.045292162,0.037777932,,0.030068525,0.033009908,0.036332113,0.029050622
,0.139415352,0.029399709,0.030681624,,0.029399709,0.044062175,0.03697112,,0.029399709,0.032123573,0.035117137,0.027835229
,0.138501368,0.028710458,0.030059579,,0.028710458,0.042780576,0.036216463,,0.028710458,0.03124505,0.033860307,0.026593335
,0.137566471,0.028043856,0.029400634,,0.028043856,0.041525849,0.035492831,,0.028043856,0.030308158,0.03261857,0.025374302
,0.136618376,0.02739614,0.028756896,,0.02739614,0.040270588,0.034817134,,0.02739614,0.029406793,0.031404916,0.02426223
,0.135624542,0.026779319,0.028095755,,0.026779319,0.039007422,0.034113171,,0.026779319,0.028510375,0.030232825,0.023214323
,0.134588841,0.026172338,0.027450318,,0.026172338,0.037760942,0.03339734,,0.026172338,0.027601784,0.029101995,0.022115384
,0.133498831,0.025575096,0.026824489,,0.025575096,0.03659734,0.032685468,,0.025575096,0.026704461,0.027972487,0.021052122
,0.132379343,0.024988912,0.026246406,,0.024988912,0.03547683,0.032012595,,0.024988912,0.025815769,0.026883958,0.020060632
,0.131204766,0.024443979,0.025719024,,0.024443979,0.034453643,0.031365791,,0.024443979,0.024886455,0.025819478,0.019076782
,0.129980846,0.023938826,0.025207641,,0.023938826,0.033527401,0.03075413,,0.023938826,0.023942361,0.024695157,0.018128238
,0.128701237,0.023468386,0.024666583,,0.023468386,0.032681026,0.03009515,,0.023468386,0.023049571,0.023599494,0.017253001
,0.127374903,0.023045772,0.024130403,,0.023045772,0.031906418,0.029434488,,0.023045772,0.022226834,0.022569927,0.016449601
,0.125981957,0.022621245,0.023600128,,0.022621245,0.031170229,0.028765918,,0.022621245,0.021443736,0.021539748,0.015663413
,0.124560555,0.022186405,0.023035106,,0.022186405,0.030492537,0.028100679,,0.022186405,0.020661279,0.020528886,0.014879938
,0.123110308,0.021740332,0.02248297,,0.021740332,0.029850736,0.027453489,,0.021740332,0.019921263,0.019576023,0.014113874
,0.121661414,0.021263985,0.02196635,,0.021263985,0.029219935,0.026842481,,0.021263985,0.019182935,0.018643864,0.013383102
,0.120219692,0.020768816,0.021480617,,0.020768816,0.028582382,0.026271876,,0.020768816,0.018391262,0.017733979,0.012636675
,0.118779384,0.020294709,0.020998224,,0.020294709,0.02796048,0.025669222,,0.020294709,0.017564277,0.016839818,0.011929289
,0.117337426,0.019785847,0.020510304,,0.019785847,0.02733027,0.02504276,,0.019785847,0.016754282,0.015976806,0.011274444
,0.115912814,0.019242849,0.020035808,,0.019242849,0.026671164,0.024394807,,0.019242849,0.015901492,0.015133028,0.010673863
,0.114485537,0.01867022,0.019588744,,0.01867022,0.026010175,0.023725856,,0.01867022,0.015038954,0.014301944,0.010109643
,0.113048281,0.018085827,0.019121587,,0.018085827,0.025399861,0.023036569,,0.018085827,0.01417542,0.013484819,0.009586654
,0.111602468,0.017488082,0.018696452,,0.017488082,0.024821083,0.022361875,,0.017488082,0.013379047,0.012738258,0.009045901
,0.110130784,0.016889243,0.018341356,,0.016889243,0.024236362,0.0216923,,0.016889243,0.012634993,0.012054864,0.008485179
,0.108685778,0.01631277,0.01803195,,0.01631277,0.023682683,0.021049135,,0.01631277,0.011968261,0.011411019,0.007898657
,0.10720765,0.015773686,0.017738361,,0.015773686,0.023136598,0.020445632,,0.015773686,0.011354974,0.010831181,0.007285798
,0.105677004,0.015251531,0.017471978,,0.015251531,0.022560929,0.019849006,,0.015251531,0.010800236,0.010304835,0.00664331
,0.104109339,0.014718994,0.01721146,,0.014718994,0.021951692,0.019306722,,0.014718994,0.01026212,0.009841102,0.005972216
,0.102501799,0.014221065,0.016966222,,0.014221065,0.021326891,0.018819622,,0.014221065,0.009751664,0.009392805,0.005284892
,0.100794428,0.013747463,0.016701859,,0.013747463,0.020690101,0.018374769,,0.013747463,0.009274844,0.00901926,0.004589089
,0.099048026,0.013314258,0.01643454,,0.013314258,0.020026333,0.017977353,,0.013314258,0.0088249,0.008666983,0.003898542
,0.097286889,0.012905686,0.016187832,,0.012905686,0.019299232,0.0176197,,0.012905686,0.00839005,0.00830813,0.003217248
,0.095574478,0.01254763,0.015944851,,0.01254763,0.018555758,0.017290354,,0.01254763,0.007964435,0.007907022,0.002620753
,0.093861163,0.012207115,0.015671678,,0.012207115,0.017812897,0.016994943,,0.012207115,0.007544505,0.007498155,0.00210223
,0.092070261,0.011867679,0.015390821,,0.011867679,0.017089912,0.016721154,,0.011867679,0.007115409,0.007045239,0.001626407
,0.09020058,0.011523187,0.015110823,,0.011523187,0.016379589,0.016457556,,0.011523187,0.006687919,0.006555846,0.001202617
,0.08832358,0.011197761,0.014805191,,0.011197761,0.015751098,0.016217996,,0.011197761,0.006274729,0.006048217,0.000857033
,0.086378511,0.010888684,0.014494173,,0.010888684,0.015188482,0.015987097,,0.010888684,0.005878157,0.005527214,0.000530775
,0.08442214,0.010601371,0.014195065,,0.010601371,0.014689386,0.015762487,,0.010601371,0.005484012,0.005015648,0.000193115
,0.082522403,0.01035076,0.013923916,,0.01035076,0.014253888,0.015527153,,0.01035076,0.005109916,0.004495897,-0.000127302
,0.080689257,0.010110597,0.013666684,,0.010110597,0.013909339,0.015276745,,0.010110597,0.004730396,0.004003196,-0.000445221
,0.078861478,0.009872138,0.013435964,,0.009872138,0.013616455,0.015025007,,0.009872138,0.004336529,0.003557669,-0.000799917
,0.076962922,0.009632166,0.013216287,,0.009632166,0.013349624,0.014771244,,0.009632166,0.003929165,0.003142317,-0.00117525
,0.07499667,0.009410123,0.013012218,,0.009410123,0.013117738,0.014495677,,0.009410123,0.003531338,0.002736132,-0.001550853
,0.0730457,0.009205287,0.012822331,,0.009205287,0.012891434,0.0142274,,0.009205287,0.003127453,0.002371518,-0.001921471
,0.071178936,0.009012383,0.012650866,,0.009012383,0.012649121,0.013955032,,0.009012383,0.002740605,0.002031273,-0.002280783
,0.06930779,0.008818479,0.012494519,,0.008818479,0.0123831,0.013667368,,0.008818479,0.002387806,0.001680404,-0.002630736
,0.067436824,0.008642821,0.012346567,,0.008642821,0.012104516,0.013340242,,0.008642821,0.002076246,0.001333207,-0.002945997
,0.065648836,0.008445063,0.012196287,,0.008445063,0.011811314,0.013016009,,0.008445063,0.001776201,0.000982958,-0.003224533
,0.063885337,0.008202792,0.012044096,,0.008202792,0.011511138,0.012688394,,0.008202792,0.001493699,0.00062118,-0.003479711
,0.062073651,0.007937291,0.01189496,,0.007937291,0.011207995,0.012401385,,0.007937291,0.0012363,0.000240466,-0.003721217
,0.060291349,0.00767818,0.011733419,,0.00767818,0.010927453,0.012151297,,0.00767818,0.000999168,-0.000111414,-0.003915816
,0.058613047,0.007381747,0.011556775,,0.007381747,0.010682523,0.011940608,,0.007381747,0.000762348,-0.000438855,-0.004095054
,0.057033833,0.007063251,0.011389462,,0.007063251,0.010435899,0.01173759,,0.007063251,0.000532906,-0.000750854,-0.004264907
,0.055473798,0.006755426,0.011212857,,0.006755426,0.010183067,0.011530776,,0.006755426,0.0003253,-0.001087584,-0.004422518
,0.053934631,0.006479548,0.011013296,,0.006479548,0.009965268,0.011305858,,0.006479548,0.000137258,-0.001399765,-0.004540206
,0.05243071,0.006209653,0.010810345,,0.006209653,0.009761317,0.011075192,,0.006209653,-5.95E-05,-0.001679293,-0.004643968
,0.051021531,0.005952947,0.010628041,,0.005952947,0.009559884,0.010854548,,0.005952947,-0.000247456,-0.00193898,-0.004731171
,0.049547694,0.005718754,0.010440509,,0.005718754,0.009379898,0.010633679,,0.005718754,-0.000397707,-0.002169293,-0.004790959
,0.048057051,0.005491524,0.010250846,,0.005491524,0.009233403,0.010429906,,0.005491524,-0.000520751,-0.002344628,-0.004827932
,0.046552312,0.005253116,0.010075311,,0.005253116,0.009099213,0.010222359,,0.005253116,-0.000651491,-0.00249876,-0.004867145
,0.045013843,0.005000955,0.009926048,,0.005000955,0.00895735,0.009996317,,0.005000955,-0.000761406,-0.002673134,-0.004892726
,0.043363886,0.004776428,0.00979867,,0.004776428,0.008783215,0.009741341,,0.004776428,-0.000861847,-0.002845324,-0.004901881
,0.041674587,0.004587811,0.009692531,,0.004587811,0.008575273,0.009494566,,0.004587811,-0.000985944,-0.003002991,-0.004908321
,0.039978174,0.004411243,0.00963161,,0.004411243,0.008318136,0.009266578,,0.004411243,-0.001140477,-0.003127436,-0.004904094
,0.038291881,0.004226508,0.009614168,,0.004226508,0.007999597,0.00905572,,0.004226508,-0.001312113,-0.003234852,-0.004893102
,0.036639661,0.004056427,0.009626195,,0.004056427,0.007661236,0.008838349,,0.004056427,-0.001501551,-0.003321875,-0.00487852
,0.035032741,0.003886504,0.009646658,,0.003886504,0.007316096,0.008645385,,0.003886504,-0.001702245,-0.003382877,-0.004871396
,0.033502478,0.003702223,0.009688624,,0.003702223,0.006951907,0.008456053,,0.003702223,-0.00189657,-0.003439401,-0.004872799
,0.03202254,0.003524971,0.00973698,,0.003524971,0.006575795,0.008241358,,0.003524971,-0.002104824,-0.003504889,-0.004900539
,0.030574429,0.003380197,0.009785534,,0.003380197,0.006196633,0.008022174,,0.003380197,-0.002325414,-0.003565043,-0.004945964
,0.029156935,0.003249568,0.009825525,,0.003249568,0.005814178,0.007833969,,0.003249568,-0.002565425,-0.003619965,-0.005021517
,0.027795448,0.003127544,0.009875688,,0.003127544,0.005454722,0.007668379,,0.003127544,-0.002803086,-0.003684868,-0.005124829
,0.026391886,0.003014658,0.009921638,,0.003014658,0.005154239,0.007521977,,0.003014658,-0.003026627,-0.003743771,-0.005241369
,0.024996035,0.00291793,0.00993597,,0.00291793,0.004926439,0.00738319,,0.00291793,-0.003216523,-0.00377813,-0.005370937
,0.023543499,0.002831731,0.00992431,,0.002831731,0.004753489,0.007247935,,0.002831731,-0.003357094,-0.003802156,-0.005536827
,0.022068793,0.002760527,0.009900921,,0.002760527,0.004618266,0.007118679,,0.002760527,-0.003439444,-0.003828807,-0.005727223
,0.02049466,0.002723219,0.009855239,,0.002723219,0.004524989,0.006955734,,0.002723219,-0.003486861,-0.00385747,-0.005930063
,0.018942606,0.002729836,0.009787666,,0.002729836,0.00446541,0.006768874,,0.002729836,-0.003528476,-0.003880657,-0.006145336
,0.017339816,0.002773843,0.009726058,,0.002773843,0.004412918,0.006592318,,0.002773843,-0.003536535,-0.00391593,-0.006353378
,0.015813887,0.00286384,0.009672204,,0.00286384,0.004371731,0.006419053,,0.00286384,-0.003489264,-0.003949304,-0.006526826
,0.014237701,0.003007345,0.009629439,,0.003007345,0.004354254,0.006231315,,0.003007345,-0.003396575,-0.003951834,-0.006653356
,0.01271533,0.00319147,0.009597766,,0.00319147,0.004346709,0.006052146,,0.00319147,-0.003272337,-0.003924425,-0.006728528
,0.011234681,0.003406508,0.009596713,,0.003406508,0.004336278,0.005883232,,0.003406508,-0.003111434,-0.003887914,-0.006754106
,0.009835099,0.003657932,0.009637087,,0.003657932,0.004340261,0.005722022,,0.003657932,-0.002945035,-0.003836353,-0.006741609
,0.008438164,0.003943744,0.009708031,,0.003943744,0.004379044,0.005566556,,0.003943744,-0.002814115,-0.003767317,-0.006694542
,0.007123792,0.004266444,0.009792571,,0.004266444,0.00442022,0.005437263,,0.004266444,-0.002722537,-0.003691467,-0.00662037
,0.005848262,0.004600484,0.009902238,,0.004600484,0.004444153,0.005362068,,0.004600484,-0.002642999,-0.003616563,-0.006529652
,0.004579597,0.004948733,0.010042279,,0.004948733,0.004460061,0.005342556,,0.004948733,-0.002556417,-0.003521578,-0.006416837
,0.003332869,0.005298522,0.010187996,,0.005298522,0.004468551,0.005368776,,0.005298522,-0.00246495,-0.003390993,-0.006274631
,0.00207348,0.005619117,0.010323233,,0.005619117,0.004456767,0.005447095,,0.005619117,-0.002355621,-0.003233016,-0.006102016
,0.000856911,0.00589627,0.010441538,,0.00589627,0.004452858,0.005566027,,0.00589627,-0.002209514,-0.003074817,-0.005911513
,-0.000366613,0.006139817,0.010532304,,0.006139817,0.004473141,0.005697778,,0.006139817,-0.002034148,-0.002900947,-0.005719292
,-0.001535082,0.006340854,0.010566473,,0.006340854,0.004510408,0.005831853,,0.006340854,-0.001852551,-0.00270905,-0.005539102
,-0.002696569,0.00648867,0.010543863,,0.00648867,0.004557488,0.005967745,,0.00648867,-0.001635723,-0.002524628,-0.005379373
,-0.003760602,0.00659231,0.010490616,,0.00659231,0.004623193,0.006091427,,0.00659231,-0.001373948,-0.002353827,-0.005219305
,-0.004785958,0.006673895,0.010420499,,0.006673895,0.004701087,0.006205179,,0.006673895,-0.001075192,-0.002163381,-0.005054821
,-0.005703756,0.00673643,0.01033604,,0.00673643,0.004800363,0.006317826,,0.00673643,-0.000746032,-0.001953975,-0.004875776
,-0.006559587,0.006781726,0.010238198,,0.006781726,0.004914708,0.006402233,,0.006781726,-0.000387036,-0.001776927,-0.004680263
,-0.007337493,0.006828376,0.010143301,,0.006828376,0.005053697,0.006449764,,0.006828376,-5.74E-06,-0.001640664,-0.004465864
,-0.008070278,0.006901495,0.010049949,,0.006901495,0.005222038,0.006447119,,0.006901495,0.000370891,-0.001532434,-0.004272341
,-0.008751162,0.006980555,0.009955994,,0.006980555,0.005414553,0.006397798,,0.006980555,0.000740895,-0.001449088,-0.004118836
,-0.009410755,0.007063876,0.009869572,,0.007063876,0.00561459,0.006291674,,0.007063876,0.001112626,-0.001397411,-0.004002351
,-0.010095169,0.00716123,0.009801739,,0.00716123,0.00581304,0.00614915,,0.00716123,0.001504525,-0.001346641,-0.0038996
,-0.01079329,0.007282107,0.009742519,,0.007282107,0.006010685,0.005979146,,0.007282107,0.001880666,-0.001288971,-0.003793753
,-0.011507734,0.007413343,0.009674786,,0.007413343,0.006189156,0.005816258,,0.007413343,0.002256783,-0.001234114,-0.003687028
,-0.012295525,0.007534945,0.009607941,,0.007534945,0.00635555,0.005650863,,0.007534945,0.00263,-0.001207475,-0.003551815
,-0.013158691,0.007649483,0.009539029,,0.007649483,0.006506102,0.005472852,,0.007649483,0.002983553,-0.001198766,-0.003383599
,-0.014104342,0.007754145,0.009475848,,0.007754145,0.006667101,0.005314644,,0.007754145,0.003281538,-0.00117791,-0.00320006
,-0.015104247,0.007845619,0.009421339,,0.007845619,0.006828777,0.005191809,,0.007845619,0.003530103,-0.001150454,-0.003035805
,-0.016128094,0.007901493,0.009389248,,0.007901493,0.00699477,0.005107792,,0.007901493,0.003754206,-0.001125112,-0.002868367
,-0.017152457,0.007946578,0.009372692,,0.007946578,0.007164623,0.005043339,,0.007946578,0.003943149,-0.001075593,-0.002689407
,-0.018135708,0.007989456,0.009357591,,0.007989456,0.00734561,0.005018264,,0.007989456,0.00410441,-0.0009943,-0.002503078
,-0.019071526,0.008036076,0.009334099,,0.008036076,0.007522997,0.005009564,,0.008036076,0.004250996,-0.000913055,-0.002338673
,-0.019988045,0.008079547,0.009322877,,0.008079547,0.007693467,0.004994731,,0.008079547,0.004419311,-0.000827541,-0.002188216
,-0.020916615,0.008142081,0.009327473,,0.008142081,0.007855155,0.004947412,,0.008142081,0.004578757,-0.000711492,-0.002049165
,-0.021809038,0.008213902,0.009343182,,0.008213902,0.007993048,0.004884177,,0.008213902,0.004722201,-0.000571781,-0.001945161
,-0.022701083,0.008276053,0.009383612,,0.008276053,0.008112365,0.004802887,,0.008276053,0.004861173,-0.000425042,-0.001882276
,-0.023541644,0.008319365,0.009461269,,0.008319365,0.008213405,0.004698375,,0.008319365,0.005027115,-0.000273503,-0.001830737
,-0.02433352,0.008348553,0.009561219,,0.008348553,0.0082981,0.004575246,,0.008348553,0.005206858,-8.52E-05,-0.001777175
,-0.02511155,0.008372446,0.009657102,,0.008372446,0.008355094,0.004446119,,0.008372446,0.005379837,0.000125932,-0.001736676
,-0.025859686,0.008399082,0.009766948,,0.008399082,0.008403665,0.004311841,,0.008399082,0.00556332,0.000325936,-0.001700069
,-0.026592145,0.008435905,0.009891267,,0.008435905,0.008450454,0.004165475,,0.008435905,0.005737252,0.000518641,-0.001651452
,-0.027326058,0.008479496,0.010038329,,0.008479496,0.008507784,0.004022503,,0.008479496,0.005882149,0.000704353,-0.001594554
,-0.028047485,0.00851736,0.010188668,,0.00851736,0.008577195,0.00390769,,0.00851736,0.005989463,0.000861702,-0.00153896
,-0.028746913,0.008545128,0.010363041,,0.008545128,0.00866886,0.003840272,,0.008545128,0.006087084,0.000974126,-0.001469713
,-0.029429935,0.008574279,0.010546078,,0.008574279,0.008793737,0.003834996,,0.008574279,0.006174906,0.001070137,-0.001375569
,-0.030060947,0.008626882,0.010728367,,0.008626882,0.008932021,0.003894251,,0.008626882,0.006247552,0.001144027,-0.001269799
,-0.030675758,0.008708841,0.010889746,,0.008708841,0.009047149,0.004014961,,0.008708841,0.006294613,0.001191832,-0.001156162
,-0.031294976,0.008820492,0.011044921,,0.008820492,0.009140679,0.004175047,,0.008820492,0.006318918,0.001209709,-0.001007771
,-0.031881384,0.008966731,0.01122226,,0.008966731,0.009233595,0.004336458,,0.008966731,0.006307415,0.001226308,-0.000835673
,-0.032484306,0.009138754,0.011408102,,0.009138754,0.009285622,0.004507575,,0.009138754,0.006255826,0.001242194,-0.000667126
,-0.033129191,0.009303665,0.011613695,,0.009303665,0.009284267,0.004701336,,0.009303665,0.006205032,0.001245501,-0.000503458
,-0.033746144,0.009451737,0.01183291,,0.009451737,0.009264111,0.004904166,,0.009451737,0.006169972,0.001264786,-0.000320922
,-0.034330191,0.009599858,0.012048933,,0.009599858,0.009217471,0.005100109,,0.009599858,0.006128176,0.001291195,-0.000126429
,-0.034884109,0.009729105,0.012231808,,0.009729105,0.009128912,0.005304529,,0.009729105,0.006086344,0.001319509,5.69E-05
,-0.035410445,0.009817063,0.012401858,,0.009817063,0.009025681,0.005504401,,0.009817063,0.00607168,0.001354751,0.000228611
,-0.03590112,0.009881078,0.012550951,,0.009881078,0.008951281,0.00567275,,0.009881078,0.006065124,0.001419256,0.000392781
,-0.036381926,0.00992967,0.012669986,,0.00992967,0.008902745,0.005811307,,0.00992967,0.006067527,0.001509651,0.000522607
,-0.03683645,0.009951366,0.01276159,,0.009951366,0.008882946,0.00594238,,0.009951366,0.006106073,0.001616524,0.000587708
,-0.037278541,0.009932343,0.012821832,,0.009932343,0.008873434,0.0060834,,0.009932343,0.006206587,0.001720003,0.000612898
,-0.037699297,0.009895759,0.01285808,,0.009895759,0.008875833,0.006224442,,0.009895759,0.006352937,0.001836106,0.000627489
,-0.038068847,0.009849771,0.012865942,,0.009849771,0.008877817,0.006367046,,0.009849771,0.006519755,0.001956941,0.000617639
,-0.038412907,0.009800545,0.012858656,,0.009800545,0.008839277,0.006514782,,0.009800545,0.006705022,0.002049216,0.000574639
,-0.03872681,0.009741763,0.012882891,,0.009741763,0.008775673,0.006659951,,0.009741763,0.0069215,0.002132242,0.000515895
,-0.039041749,0.009712314,0.012950824,,0.009712314,0.008721827,0.006780189,,0.009712314,0.007128103,0.002232767,0.000447411
,-0.039339603,0.009726012,0.013036294,,0.009726012,0.008667672,0.006886951,,0.009726012,0.007311091,0.002318819,0.000331702
,-0.039662737,0.009769032,0.013149366,,0.009769032,0.008591784,0.007001169,,0.009769032,0.007504021,0.00237509,0.000177227
,-0.039999402,0.009829175,0.013281168,,0.009829175,0.008536537,0.007113603,,0.009829175,0.007699559,0.002421882,2.17E-05
,-0.040366525,0.009885817,0.013392219,,0.009885817,0.008519676,0.007232555,,0.009885817,0.007875738,0.002465286,-0.000132357
,-0.040729176,0.009917031,0.013477848,,0.009917031,0.008539221,0.007368838,,0.009917031,0.008045984,0.00248764,-0.000287772
,-0.041077104,0.009899979,0.01355563,,0.009899979,0.008593888,0.007514471,,0.009899979,0.008205798,0.002486386,-0.000422216
,-0.041433219,0.009850201,0.013616594,,0.009850201,0.008712442,0.007675032,,0.009850201,0.008328113,0.002491124,-0.000514663
,-0.041780836,0.009772102,0.013672681,,0.009772102,0.008911992,0.007860989,,0.009772102,0.008399843,0.002526218,-0.000574341
,-0.04213574,0.009698274,0.013719231,,0.009698274,0.009171596,0.008076258,,0.009698274,0.008424668,0.002589545,-0.000625342
,-0.042480423,0.009621889,0.013761826,,0.009621889,0.00946683,0.008314953,,0.009621889,0.008426212,0.002676766,-0.000656139
,-0.04282225,0.009540353,0.013795538,,0.009540353,0.009790237,0.008544859,,0.009540353,0.00840933,0.002805386,-0.000637097
,-0.043120759,0.009450917,0.013818099,,0.009450917,0.010117042,0.008768213,,0.009450917,0.008377368,0.002975448,-0.000575924
,-0.043369025,0.009350359,0.013850256,,0.009350359,0.010415977,0.008997181,,0.009350359,0.008362971,0.003154441,-0.000493912
,-0.043544799,0.00926578,0.01391018,,0.00926578,0.010669687,0.009211807,,0.00926578,0.008363429,0.003339533,-0.000359738
,-0.043671459,0.009231486,0.013971853,,0.009231486,0.010867727,0.009418383,,0.009231486,0.008366679,0.003546926,-0.000182078
,-0.043765227,0.009234062,0.014029307,,0.009234062,0.010997067,0.009662388,,0.009234062,0.008383835,0.003759032,1.95E-05
,-0.043821573,0.009260769,0.014099223,,0.009260769,0.011063674,0.009919686,,0.009260769,0.008441794,0.003956514,0.000245654
,-0.043878456,0.009325384,0.014164542,,0.009325384,0.011063901,0.010160778,,0.009325384,0.008518952,0.004129567,0.000509127
,-0.04393467,0.009387731,0.014215059,,0.009387731,0.010995623,0.010396817,,0.009387731,0.008607826,0.004283025,0.00081145
,-0.043985409,0.009425051,0.014275799,,0.009425051,0.010878436,0.010631597,,0.009425051,0.008713279,0.004399147,0.001131039
,-0.044042899,0.009467914,0.014352464,,0.009467914,0.010769995,0.010847293,,0.009467914,0.008828864,0.004487689,0.001461319
,-0.044145866,0.009514508,0.014432084,,0.009514508,0.010675869,0.011023511,,0.009514508,0.00893174,0.004535638,0.001792493
,-0.044301658,0.009559341,0.014495589,,0.009559341,0.010585386,0.011168208,,0.009559341,0.009018961,0.004563701,0.002111693
,-0.044528379,0.009605604,0.014543974,,0.009605604,0.01049805,0.011291563,,0.009605604,0.009107322,0.004578947,0.002404908
,-0.044845037,0.009649327,0.0145886,,0.009649327,0.010430931,0.011380055,,0.009649327,0.009177942,0.004598539,0.002698775
,-0.04522739,0.009708084,0.014617138,,0.009708084,0.01037446,0.011429175,,0.009708084,0.009236019,0.004633636,0.00298656
,-0.045647179,0.009787046,0.014638539,,0.009787046,0.010316637,0.011477622,,0.009787046,0.009290085,0.004683658,0.003253557
,-0.046100612,0.009873015,0.014669953,,0.009873015,0.010292044,0.01154918,,0.009873015,0.009366357,0.004756724,0.003517529
,-0.046580387,0.009971781,0.014717064,,0.009971781,0.010330559,0.011614291,,0.009971781,0.009452466,0.004842177,0.003787645
,-0.047059156,0.010093805,0.014756491,,0.010093805,0.01041696,0.011675545,,0.010093805,0.009545367,0.004936356,0.004050205
,-0.047531986,0.010198381,0.014810432,,0.010198381,0.010488388,0.011755497,,0.010198381,0.009647339,0.005027673,0.004300263
,-0.04798339,0.010282229,0.0148738,,0.010282229,0.010564544,0.011857827,,0.010282229,0.009751128,0.005159334,0.004568331
,-0.048369532,0.010372078,0.014941084,,0.010372078,0.010647521,0.011959444,,0.010372078,0.009829524,0.005313404,0.004855709
,-0.048669964,0.010476204,0.015025747,,0.010476204,0.010711949,0.01207229,,0.010476204,0.009890069,0.005472779,0.005154121
,-0.04886674,0.010587437,0.015142899,,0.010587437,0.010759442,0.012199467,,0.010587437,0.009933564,0.005632313,0.005450525
,-0.048978894,0.010714144,0.015288154,,0.010714144,0.010831278,0.012308133,,0.010714144,0.009950469,0.005795244,0.005747042
,-0.049041241,0.01086136,0.015445925,,0.01086136,0.010914635,0.012381677,,0.01086136,0.00994014,0.00594574,0.006024396
,-0.049043122,0.01100376,0.015609384,,0.01100376,0.010979486,0.012423908,,0.01100376,0.009921725,0.006057716,0.00625947
,-0.049002708,0.011119388,0.01575682,,0.011119388,0.011016296,0.012444658,,0.011119388,0.009905108,0.006145019,0.00645214
,-0.048958549,0.011202354,0.01587478,,0.011202354,0.011020201,0.012444751,,0.011202354,0.009900954,0.006216184,0.006616596
,-0.048892253,0.011267695,0.01594682,,0.011267695,0.011008589,0.012444416,,0.011267695,0.009915472,0.006263922,0.006752003
,-0.048799148,0.011322379,0.015996201,,0.011322379,0.010980298,0.01244732,,0.011322379,0.009961633,0.006252793,0.006852947
,-0.048723186,0.011361578,0.016045842,,0.011361578,0.010949103,0.012458985,,0.011361578,0.010014436,0.006226068,0.006938458
,-0.048672503,0.01139274,0.016084352,,0.01139274,0.010936363,0.012467745,,0.01139274,0.010059611,0.006181108,0.007009332
,-0.048657702,0.011420731,0.016114426,,0.011420731,0.010925687,0.012463742,,0.011420731,0.010118695,0.006098825,0.007065111
,-0.048687539,0.011440877,0.016159077,,0.011440877,0.010897203,0.012467285,,0.011440877,0.010184341,0.006009449,0.007104668
,-0.048728269,0.011436294,0.0162017,,0.011436294,0.010856757,0.012454171,,0.011436294,0.010236318,0.00594481,0.007140367
,-0.048777346,0.011424429,0.016222402,,0.011424429,0.010817451,0.012402893,,0.011424429,0.010286904,0.005926742,0.007182833
,-0.048832793,0.011423636,0.016244558,,0.011423636,0.010778485,0.01233099,,0.011423636,0.010316237,0.00595275,0.007227307
,-0.048885609,0.011428781,0.016266744,,0.011428781,0.010771067,0.012250441,,0.011428781,0.010284733,0.006031554,0.007270187
,-0.048931276,0.011444337,0.016285619,,0.011444337,0.010789937,0.012138583,,0.011444337,0.010184126,0.006128932,0.007347902
,-0.048994011,0.011468892,0.016309726,,0.011468892,0.010823896,0.012025588,,0.011468892,0.010040677,0.00624666,0.007450261
,-0.049070797,0.011487666,0.016345408,,0.011487666,0.010864728,0.011939192,,0.011487666,0.009875472,0.006352912,0.007557288
,-0.049137151,0.011461326,0.016394192,,0.011461326,0.010922349,0.011873365,,0.011461326,0.00970088,0.006456026,0.007666835
,-0.049176787,0.011400077,0.016453052,,0.011400077,0.010973957,0.011819488,,0.011400077,0.009517509,0.006576999,0.007773726
,-0.049185818,0.011303449,0.016505906,,0.011303449,0.011018316,0.011776494,,0.011303449,0.009352619,0.00669114,0.007844649
,-0.049174889,0.011192077,0.016560299,,0.011192077,0.011071474,0.011747901,,0.011192077,0.009211004,0.006783203,0.007890595
,-0.049151092,0.011081274,0.016622862,,0.011081274,0.011122387,0.011734482,,0.011081274,0.009058881,0.006847638,0.00791008
,-0.049127073,0.010998901,0.0166757,,0.010998901,0.011152011,0.011738107,,0.010998901,0.008918023,0.006868139,0.007908602
,-0.049102948,0.010925302,0.016725782,,0.010925302,0.011148608,0.011756763,,0.010925302,0.008819564,0.006821189,0.00790661
,-0.049092212,0.010855164,0.016777074,,0.010855164,0.011124305,0.011793886,,0.010855164,0.008760895,0.006766564,0.007898411
,-0.049081016,0.010784954,0.01681517,,0.010784954,0.011072077,0.011835545,,0.010784954,0.008712707,0.006720115,0.007896431
,-0.049045421,0.010724807,0.016829923,,0.010724807,0.010989009,0.01186552,,0.010724807,0.008686762,0.006661442,0.007905084
,-0.049016694,0.010701179,0.016833971,,0.010701179,0.010879733,0.011854515,,0.010701179,0.00866323,0.006607617,0.007921335
,-0.049004259,0.010731701,0.01682648,,0.010731701,0.010802912,0.011798576,,0.010731701,0.008618453,0.006560689,0.007949649
,-0.049004341,0.010805127,0.016805433,,0.010805127,0.010758041,0.011682691,,0.010805127,0.008546525,0.006509773,0.008016766
,-0.049019991,0.01090266,0.016776358,,0.01090266,0.010727918,0.011521233,,0.01090266,0.008450213,0.006448899,0.008113345
,-0.049064738,0.011017573,0.016751038,,0.011017573,0.010718976,0.011328151,,0.011017573,0.008336206,0.006402279,0.008241618
,-0.049100117,0.011122201,0.016732149,,0.011122201,0.01074179,0.011116038,,0.011122201,0.008208943,0.006388055,0.00841061
,-0.049121555,0.011244337,0.016711785,,0.011244337,0.010744596,0.010893092,,0.011244337,0.008090345,0.006416748,0.008614698
,-0.049135256,0.011382022,0.01669596,,0.011382022,0.010724636,0.010680547,,0.011382022,0.007973148,0.006463692,0.00882755
,-0.04913052,0.01154062,0.016685268,,0.01154062,0.010708785,0.010462905,,0.01154062,0.00786319,0.006519364,0.009039687
,-0.049117096,0.011705614,0.01666893,,0.011705614,0.010708712,0.010236314,,0.011705614,0.007771254,0.006598303,0.009236588
,-0.049103122,0.011855229,0.016631308,,0.011855229,0.010703874,0.010030665,,0.011855229,0.00770877,0.006663192,0.009413603
,-0.049080055,0.011950341,0.016580675,,0.011950341,0.010695238,0.00987038,,0.011950341,0.007682929,0.006712913,0.009564545
,-0.049032944,0.012004093,0.016524365,,0.012004093,0.010682308,0.009754566,,0.012004093,0.007691749,0.006763987,0.009693871
,-0.048967036,0.012025517,0.016459462,,0.012025517,0.010659838,0.009680583,,0.012025517,0.007740433,0.006836801,0.009799263
,-0.048868847,0.012010169,0.016389705,,0.012010169,0.010615502,0.009658477,,0.012010169,0.007823894,0.006922885,0.009881131
,-0.048752392,0.011968554,0.016313149,,0.011968554,0.010559564,0.009682549,,0.011968554,0.007929828,0.007022072,0.009954604
,-0.048624864,0.011912643,0.016224156,,0.011912643,0.010521809,0.009728351,,0.011912643,0.008041632,0.007123088,0.009996462
,-0.048496213,0.01185,0.016110842,,0.01185,0.010486158,0.009775102,,0.01185,0.008165655,0.007203991,0.010007876
,-0.048381975,0.011769323,0.015975861,,0.011769323,0.010438272,0.009838412,,0.011769323,0.00829669,0.007268433,0.009992825
,-0.048279419,0.01168738,0.015844086,,0.01168738,0.010385552,0.009903816,,0.01168738,0.008414258,0.007329114,0.009989387
,-0.048182332,0.011621414,0.015730263,,0.011621414,0.010353533,0.009950208,,0.011621414,0.008531255,0.00740127,0.009984652
,-0.048095705,0.011581669,0.015634555,,0.011581669,0.010315526,0.009981716,,0.011581669,0.008632515,0.007469575,0.009988771
,-0.048021063,0.011555506,0.015556904,,0.011555506,0.010283048,0.010032583,,0.011555506,0.008702513,0.007548519,0.010001605
,-0.04794996,0.011552313,0.015492344,,0.011552313,0.010264225,0.010091565,,0.011552313,0.008740904,0.00762763,0.010046922
,-0.047902436,0.011574987,0.015402555,,0.011574987,0.010253205,0.010147616,,0.011574987,0.008781026,0.007679741,0.010112488
,-0.047882824,0.011621719,0.015290182,,0.011621719,0.010219446,0.01019769,,0.011621719,0.008824908,0.00770733,0.010174873
,-0.047880138,0.011678573,0.015182738,,0.011678573,0.010172059,0.010240764,,0.011678573,0.008883792,0.007749675,0.010257503
,-0.047883913,0.011733435,0.015087135,,0.011733435,0.01012768,0.010262353,,0.011733435,0.008964007,0.007816715,0.010378225
,-0.047894155,0.011793585,0.015015826,,0.011793585,0.010087865,0.010269705,,0.011793585,0.009057162,0.007886074,0.010525197
,-0.047891902,0.011837538,0.014973507,,0.011837538,0.010057589,0.010279664,,0.011837538,0.009135089,0.007962087,0.010698891
,-0.047854092,0.011866489,0.014954553,,0.011866489,0.010025155,0.010305798,,0.011866489,0.009188628,0.008052343,0.010926858
,-0.047790101,0.011884656,0.014931502,,0.011884656,0.009995198,0.010340067,,0.011884656,0.009224205,0.008157108,0.011182868
,-0.047695422,0.01190739,0.014902103,,0.01190739,0.009962194,0.010364913,,0.01190739,0.009251098,0.008259221,0.011426733
,-0.047562438,0.011919365,0.014875987,,0.011919365,0.009938937,0.010385311,,0.011919365,0.0092811,0.008369568,0.01164035
,-0.0473814,0.011919667,0.014872703,,0.011919667,0.009927443,0.010398377,,0.011919667,0.009304737,0.008498522,0.011788874
,-0.047166133,0.01190455,0.014885911,,0.01190455,0.009943437,0.010403526,,0.01190455,0.009314299,0.008621401,0.011859011
,-0.046927551,0.011872514,0.014908939,,0.011872514,0.009984826,0.01041983,,0.011872514,0.009292518,0.008715358,0.011853643
,-0.046676538,0.011816592,0.014938182,,0.011816592,0.010045826,0.010457474,,0.011816592,0.009245725,0.0087995,0.011824629
,-0.046403566,0.011748997,0.014948927,,0.011748997,0.01012569,0.01049466,,0.011748997,0.009194884,0.00888102,0.011783429
,-0.046133126,0.011677973,0.014914937,,0.011677973,0.01021502,0.010532765,,0.011677973,0.00916374,0.008943163,0.011730996
,-0.045897773,0.011599297,0.014846271,,0.011599297,0.010326152,0.010572079,,0.011599297,0.009142929,0.008994043,0.011679251
,-0.045667553,0.011519503,0.014758122,,0.011519503,0.010464608,0.010595345,,0.011519503,0.009156584,0.009040993,0.011645382
,-0.045465199,0.011445962,0.014655523,,0.011445962,0.010619676,0.010597996,,0.011445962,0.009195498,0.009075012,0.011642398
,-0.045323531,0.011380384,0.014543225,,0.011380384,0.010762802,0.010591535,,0.011380384,0.009230368,0.009085397,0.011662234
,-0.045232743,0.011324918,0.014422039,,0.011324918,0.010899301,0.01056366,,0.011324918,0.009247098,0.009097365,0.011739904
,-0.045150606,0.011282277,0.014288166,,0.011282277,0.011024778,0.010501818,,0.011282277,0.009266372,0.009142124,0.011874379
,-0.045084577,0.011242262,0.01414295,,0.011242262,0.011095469,0.01040872,,0.011242262,0.009282923,0.009214489,0.012054221
,-0.045021122,0.011209975,0.013989062,,0.011209975,0.011118551,0.010305342,,0.011209975,0.009295911,0.009313493,0.012210853
,-0.044944624,0.011162268,0.013837829,,0.011162268,0.011109315,0.010206825,,0.011162268,0.009305113,0.009467091,0.012344038
,-0.044859041,0.011110685,0.013710999,,0.011110685,0.011058457,0.010101395,,0.011110685,0.009327203,0.009663639,0.012422929
,-0.044748385,0.011056298,0.013599821,,0.011056298,0.010933753,0.009993921,,0.011056298,0.009366946,0.009868681,0.012435127
,-0.044640227,0.010992969,0.013504533,,0.010992969,0.010756932,0.009897854,,0.010992969,0.009407459,0.010075585,0.01240977
,-0.044531981,0.010904958,0.01341835,,0.010904958,0.010543548,0.009799458,,0.010904958,0.009448966,0.010280393,0.012382716
,-0.044414631,0.010806368,0.013329813,,0.010806368,0.010307512,0.009665354,,0.010806368,0.00951824,0.010457095,0.012360075
,-0.044286998,0.010677249,0.013246945,,0.010677249,0.010056126,0.009532903,,0.010677249,0.009608172,0.010589037,0.012354358
,-0.044182375,0.010521804,0.013181005,,0.010521804,0.009822479,0.00940773,,0.010521804,0.009699562,0.010680599,0.012382304
,-0.044100442,0.01036541,0.01311651,,0.01036541,0.009655946,0.009263902,,0.01036541,0.009801094,0.010734843,0.012424873
,-0.044034573,0.010216878,0.013053646,,0.010216878,0.009536734,0.009095565,,0.010216878,0.009916026,0.010755232,0.012475849
,-0.043986783,0.010080801,0.013000363,,0.010080801,0.009452679,0.008931427,,0.010080801,0.010020872,0.010735684,0.012533826
,-0.043944341,0.009970953,0.012952256,,0.009970953,0.009408168,0.008767108,,0.009970953,0.010110341,0.010691766,0.012603361
,-0.043901312,0.009882407,0.012901882,,0.009882407,0.00940681,0.008592417,,0.009882407,0.010195884,0.010637041,0.012658179
,-0.043842445,0.009798043,0.012849521,,0.009798043,0.009405485,0.008411968,,0.009798043,0.010280465,0.010565271,0.012680317
,-0.043751304,0.009722647,0.012797536,,0.009722647,0.009407211,0.008241735,,0.009722647,0.010356555,0.010482895,0.012673039
,-0.043623997,0.009658658,0.012743783,,0.009658658,0.009417989,0.008099056,,0.009658658,0.01039439,0.010417691,0.012632694
,-0.043471607,0.009619789,0.01267863,,0.009619789,0.00944121,0.007973917,,0.009619789,0.010400244,0.010361775,0.012564053
,-0.043298599,0.009592436,0.012609372,,0.009592436,0.009458572,0.007887129,,0.009592436,0.010386573,0.010290033,0.012490022
,-0.043087331,0.009562419,0.012558302,,0.009562419,0.009464571,0.007865495,,0.009562419,0.010337572,0.010218926,0.012432932
,-0.042854814,0.009535785,0.012538299,,0.009535785,0.009452237,0.007894358,,0.009535785,0.010255677,0.010151294,0.012398865
,-0.042621064,0.009508082,0.012528046,,0.009508082,0.009409063,0.007927679,,0.009508082,0.010189689,0.010070532,0.01238107
,-0.042401743,0.009457989,0.012530453,,0.009457989,0.009334227,0.007964575,,0.009457989,0.010146556,0.009988058,0.012379973
,-0.042203798,0.009395849,0.012544663,,0.009395849,0.009238171,0.007990893,,0.009395849,0.010107702,0.009928317,0.012410805
,-0.042051421,0.009334441,0.012555664,,0.009334441,0.009139585,0.007994334,,0.009334441,0.010081222,0.00988897,0.012454388
,-0.041954041,0.009253735,0.012542286,,0.009253735,0.009039487,0.007984759,,0.009253735,0.010065159,0.009854895,0.012498256
,-0.041893952,0.009155091,0.012518037,,0.009155091,0.008924849,0.007985853,,0.009155091,0.010045917,0.009830215,0.012558906
,-0.041852938,0.009043095,0.012476348,,0.009043095,0.008800612,0.00798657,,0.009043095,0.010001243,0.009820784,0.012627746
,-0.041823609,0.008928917,0.01242286,,0.008928917,0.00867101,0.007976107,,0.008928917,0.009931398,0.009816751,0.012660989
,-0.0417937,0.008807282,0.012355447,,0.008807282,0.008531161,0.007940313,,0.008807282,0.009850101,0.009805972,0.012663043
,-0.041750119,0.008664386,0.012280011,,0.008664386,0.008394274,0.007892227,,0.008664386,0.009748534,0.009792626,0.01265416
,-0.041700048,0.008505332,0.012197725,,0.008505332,0.008289022,0.007840622,,0.008505332,0.009605322,0.009774996,0.012632786
,-0.041632813,0.008330501,0.012087104,,0.008330501,0.008203001,0.007787009,,0.008330501,0.009425797,0.009736445,0.012590603
,-0.041539251,0.008124545,0.011950688,,0.008124545,0.008129846,0.007749013,,0.008124545,0.009212037,0.009663462,0.01254941
,-0.041422376,0.007900124,0.01181062,,0.007900124,0.008072145,0.00773673,,0.007900124,0.00896002,0.009576202,0.012528751
,-0.041285151,0.007688069,0.011679824,,0.007688069,0.008030433,0.00772483,,0.007688069,0.008695354,0.009488022,0.012514314
,-0.041137441,0.007470816,0.011570805,,0.007470816,0.007993375,0.007682169,,0.007470816,0.008444695,0.009386369,0.012490737
,-0.040979314,0.007223911,0.011516591,,0.007223911,0.0079386,0.007619917,,0.007223911,0.008223663,0.009271611,0.012465518
,-0.040802753,0.006961563,0.011499506,,0.006961563,0.007869059,0.00754054,,0.006961563,0.008037155,0.009177818,0.012449853
,-0.040629171,0.006697709,0.011493197,,0.006697709,0.007788583,0.007452315,,0.006697709,0.007892658,0.009101576,0.012432573
,-0.040457067,0.006430428,0.011460139,,0.006430428,0.007693166,0.007341814,,0.006430428,0.007785657,0.009026388,0.01240098
,-0.040262145,0.006164757,0.011422583,,0.006164757,0.007573542,0.007223282,,0.006164757,0.007720695,0.008981658,0.012363355
,-0.0400626,0.005931132,0.01139,,0.005931132,0.007467161,0.007099594,,0.005931132,0.007688991,0.008969725,0.012332068
,-0.039877377,0.005727477,0.011357483,,0.005727477,0.007376693,0.00696662,,0.005727477,0.007693293,0.008964716,0.012299804
,-0.03968521,0.005533596,0.011327792,,0.005533596,0.007294274,0.006823972,,0.005533596,0.007721587,0.00895226,0.012267475
,-0.039484339,0.005337898,0.011328575,,0.005337898,0.007213772,0.006700528,,0.005337898,0.007757374,0.008941925,0.012249537
,-0.03928873,0.00515452,0.011337021,,0.00515452,0.007159106,0.006611287,,0.00515452,0.007787693,0.00892123,0.012247088
,-0.039107942,0.00500149,0.011334096,,0.00500149,0.007119335,0.006547004,,0.00500149,0.007818418,0.008888173,0.012248474
,-0.038932716,0.004857238,0.011326777,,0.004857238,0.007080865,0.006502247,,0.004857238,0.007840169,0.008838515,0.012263089
,-0.038750063,0.004708472,0.011334669,,0.004708472,0.007043912,0.006481449,,0.004708472,0.007845952,0.008784594,0.012293819
,-0.038553665,0.004565646,0.011369864,,0.004565646,0.00701921,0.006490721,,0.004565646,0.007831938,0.008705366,0.012328377
,-0.038344576,0.004431693,0.011418182,,0.004431693,0.006992465,0.006513402,,0.004431693,0.007802539,0.008576742,0.012367169
,-0.03810929,0.004269121,0.011477997,,0.004269121,0.006918818,0.006548274,,0.004269121,0.007754914,0.008404827,0.012426114
,-0.037848008,0.00409403,0.011558243,,0.00409403,0.006812959,0.006614478,,0.00409403,0.007688745,0.008218138,0.012505197
,-0.03757407,0.003920596,0.011630377,,0.003920596,0.006692158,0.006704108,,0.003920596,0.007615131,0.008008148,0.01258472
,-0.03729954,0.003736745,0.011675917,,0.003736745,0.006561132,0.006796166,,0.003736745,0.007568877,0.007779174,0.012667047
,-0.037016583,0.003533342,0.011696957,,0.003533342,0.006419742,0.006898326,,0.003533342,0.007555441,0.007559142,0.012767313
,-0.036727806,0.003328871,0.011694507,,0.003328871,0.006301514,0.007023172,,0.003328871,0.007571515,0.007364568,0.012865785
,-0.036440914,0.003124563,0.011656787,,0.003124563,0.006204608,0.007162399,,0.003124563,0.007625568,0.007179243,0.012932538
,-0.036154351,0.002923309,0.011594499,,0.002923309,0.006116439,0.007291264,,0.002923309,0.007705025,0.006992587,0.012973582
,-0.035877664,0.002744509,0.011525757,,0.002744509,0.006025768,0.007406257,,0.002744509,0.007799475,0.006827216,0.013002909
,-0.035614294,0.002588783,0.011446985,,0.002588783,0.005931342,0.007501731,,0.002588783,0.007898766,0.006679098,0.013011583
,-0.035367053,0.002465855,0.011357956,,0.002465855,0.005866317,0.007576309,,0.002465855,0.007998026,0.006544045,0.013001683
,-0.035125944,0.002362276,0.011267371,,0.002362276,0.005820425,0.007618913,,0.002362276,0.008093325,0.006420693,0.012981651
,-0.034889905,0.002287672,0.011200965,,0.002287672,0.005781467,0.0076567,,0.002287672,0.008181968,0.00634474,0.012964387
,-0.034663673,0.002237973,0.011149384,,0.002237973,0.005748288,0.007691792,,0.002237973,0.008248194,0.006313909,0.012947357
,-0.034458222,0.002200794,0.011121276,,0.002200794,0.005724206,0.007717895,,0.002200794,0.008300151,0.006317153,0.012921039
,-0.034255446,0.002149554,0.011114594,,0.002149554,0.005695018,0.007727952,,0.002149554,0.008340125,0.006341484,0.012898644
,-0.034071552,0.002100187,0.01113444,,0.002100187,0.005659971,0.007724524,,0.002100187,0.008359854,0.006390426,0.012901183
,-0.033933643,0.0020505,0.011140533,,0.0020505,0.005632784,0.007689407,,0.0020505,0.008384758,0.006443455,0.012915599
,-0.033818106,0.001978182,0.011115433,,0.001978182,0.005617103,0.007621826,,0.001978182,0.008413494,0.006491216,0.012929492
,-0.033726115,0.001884287,0.011056984,,0.001884287,0.005624431,0.00755133,,0.001884287,0.008431237,0.006570437,0.012946615
,-0.033651219,0.001783247,0.010971715,,0.001783247,0.005643677,0.007489702,,0.001783247,0.008437517,0.006673074,0.012953493
,-0.033586576,0.00168684,0.01085538,,0.00168684,0.005685575,0.007429288,,0.00168684,0.008452843,0.006786546,0.012940108
,-0.033494076,0.001571178,0.010712091,,0.001571178,0.005744706,0.007371889,,0.001571178,0.008474326,0.006896387,0.012890567
,-0.033364842,0.001447344,0.010548669,,0.001447344,0.005810652,0.007333725,,0.001447344,0.008489095,0.007004551,0.012816183
,-0.033200995,0.001343033,0.010369227,,0.001343033,0.005857539,0.007312869,,0.001343033,0.008500192,0.007091595,0.012716425
,-0.033026859,0.001261341,0.010169445,,0.001261341,0.005891155,0.007289407,,0.001261341,0.008508257,0.00715838,0.012593848
,-0.032820657,0.00119511,0.009944737,,0.00119511,0.005908143,0.007268242,,0.00119511,0.008510072,0.007217155,0.012440778
,-0.032585544,0.001149473,0.009734683,,0.001149473,0.005897371,0.007284334,,0.001149473,0.008487181,0.007294156,0.012285754
,-0.032350638,0.00113034,0.009559017,,0.00113034,0.005876679,0.007338624,,0.00113034,0.008463533,0.007399422,0.012133514
,-0.032105057,0.001116282,0.009413644,,0.001116282,0.005854022,0.007395044,,0.001116282,0.008449921,0.007501102,0.011990438
,-0.031856142,0.001091713,0.009287825,,0.001091713,0.005824093,0.00745689,,0.001091713,0.008453159,0.007613592,0.011862262
,-0.031623713,0.001058597,0.009186435,,0.001058597,0.005774513,0.007528454,,0.001058597,0.008449803,0.007744134,0.01175229
,-0.031443528,0.001035719,0.009098277,,0.001035719,0.00570233,0.007587145,,0.001035719,0.008442501,0.007890665,0.011671214
,-0.031307443,0.00102857,0.009020885,,0.00102857,0.005608661,0.007614009,,0.00102857,0.00844135,0.008031619,0.011606658
,-0.031198876,0.001029642,0.008940778,,0.001029642,0.005525969,0.007624803,,0.001029642,0.008438803,0.008162222,0.011561854
,-0.031102383,0.001050423,0.008872179,,0.001050423,0.005448501,0.00763382,,0.001050423,0.00843182,0.008288752,0.011540106
,-0.031032426,0.00108021,0.008809454,,0.00108021,0.005388236,0.007636711,,0.00108021,0.008428321,0.008400305,0.0115463
,-0.030961821,0.00112282,0.008724479,,0.00112282,0.005372426,0.007626002,,0.00112282,0.008437628,0.008478007,0.011601192
,-0.030883358,0.001164958,0.008597599,,0.001164958,0.005376765,0.007609487,,0.001164958,0.008436493,0.008532299,0.01172616
,-0.030812652,0.001212558,0.008452583,,0.001212558,0.005360711,0.00759691,,0.001212558,0.008421218,0.008593569,0.01191438
,-0.030762233,0.001261049,0.008291796,,0.001261049,0.005331387,0.007576356,,0.001261049,0.008386703,0.008635417,0.012130351
,-0.030721732,0.001290786,0.00811553,,0.001290786,0.005297185,0.007553041,,0.001290786,0.00834071,0.0086566,0.012367916
,-0.03067186,0.001277268,0.007922744,,0.001277268,0.005258659,0.007531491,,0.001277268,0.008279323,0.008665635,0.012591005
,-0.030618974,0.001225274,0.007709698,,0.001225274,0.005214758,0.007525218,,0.001225274,0.008199332,0.008675689,0.012779897
,-0.030569908,0.001137628,0.007475874,,0.001137628,0.005168934,0.00751614,,0.001137628,0.008114904,0.008701467,0.012911943
,-0.03050858,0.001014166,0.00721189,,0.001014166,0.005126759,0.007502037,,0.001014166,0.008035784,0.008729573,0.013008244
,-0.030425545,0.000865619,0.006929793,,0.000865619,0.005077177,0.007485985,,0.000865619,0.007956325,0.008770269,0.013090589
,-0.030339789,0.000700215,0.006655225,,0.000700215,0.004986002,0.007469868,,0.000700215,0.007872638,0.008819627,0.013125087
,-0.03025025,0.000535387,0.006401985,,0.000535387,0.004884962,0.007440495,,0.000535387,0.007807748,0.008858906,0.01309272
,-0.030158009,0.000387519,0.006149134,,0.000387519,0.004796221,0.007406133,,0.000387519,0.007754133,0.008854222,0.013009609
,-0.030045989,0.000268849,0.005912458,,0.000268849,0.00470401,0.007395644,,0.000268849,0.007706233,0.008846892,0.012917509
,-0.029920028,0.000209575,0.005693614,,0.000209575,0.004616891,0.007425626,,0.000209575,0.007659782,0.008827121,0.01281031
,-0.029791754,0.000221481,0.005493859,,0.000221481,0.004558266,0.007493335,,0.000221481,0.007617318,0.008793158,0.012716585
,-0.029657485,0.000291598,0.005322949,,0.000291598,0.004516229,0.00758115,,0.000291598,0.007562013,0.008736496,0.012657391
,-0.029498146,0.000412527,0.00520067,,0.000412527,0.004466558,0.007674502,,0.000412527,0.007484107,0.008663341,0.012657262
,-0.029333163,0.000582699,0.005113639,,0.000582699,0.004407679,0.007749419,,0.000582699,0.007378057,0.008577324,0.012691233
,-0.029155487,0.00078364,0.005048379,,0.00078364,0.004345205,0.00778517,,0.00078364,0.007264807,0.008457919,0.012742863
,-0.028955306,0.000985511,0.004997163,,0.000985511,0.004301098,0.007775454,,0.000985511,0.007149422,0.008315333,0.012797551
,-0.02872417,0.001176934,0.004963224,,0.001176934,0.004255368,0.007735294,,0.001176934,0.007028303,0.008168262,0.01285595
,-0.028461161,0.001354978,0.004950056,,0.001354978,0.004216879,0.007696801,,0.001354978,0.006916793,0.008039082,0.012907496
,-0.02818787,0.001513663,0.004946001,,0.001513663,0.004209164,0.007634831,,0.001513663,0.006835503,0.007902993,0.012933203
,-0.027901425,0.001629048,0.004953331,,0.001629048,0.004207841,0.007518541,,0.001629048,0.006781746,0.007774241,0.012933649
,-0.027611643,0.001708956,0.004973829,,0.001708956,0.004188939,0.007358805,,0.001708956,0.006757244,0.007646893,0.012935305
,-0.027324566,0.001775309,0.004997656,,0.001775309,0.004174843,0.00717607,,0.001775309,0.006774419,0.007528974,0.012943068
,-0.02705588,0.001820863,0.005014518,,0.001820863,0.004186526,0.006972692,,0.001820863,0.006839535,0.007409091,0.012949818
,-0.02678873,0.001838516,0.005047705,,0.001838516,0.004218608,0.006769952,,0.001838516,0.006941863,0.007289937,0.012955577
,-0.026517034,0.001844593,0.005114727,,0.001844593,0.004275608,0.00659992,,0.001844593,0.007051139,0.007198783,0.01296493
,-0.026234668,0.001866446,0.005209193,,0.001866446,0.004347384,0.006472163,,0.001866446,0.007160002,0.007139883,0.012986027
,-0.025964307,0.00188492,0.005321619,,0.00188492,0.004437323,0.006377362,,0.00188492,0.007273067,0.007102211,0.013021942
,-0.025708311,0.001890618,0.005452045,,0.001890618,0.004527166,0.006279975,,0.001890618,0.007365563,0.007077566,0.01306313
,-0.025460031,0.001883838,0.005598429,,0.001883838,0.004602294,0.006195182,,0.001883838,0.007410127,0.007079541,0.013113148
,-0.025254617,0.001890022,0.005743548,,0.001890022,0.004661989,0.006132013,,0.001890022,0.007433867,0.007098366,0.013179809
,-0.025088882,0.001912723,0.005879603,,0.001912723,0.004703846,0.006078742,,0.001912723,0.007445253,0.007128383,0.01323939
,-0.024936829,0.00194016,0.005998179,,0.00194016,0.004718602,0.00602849,,0.00194016,0.007432925,0.007174059,0.013282544
,-0.024799327,0.00197314,0.006096975,,0.00197314,0.004687451,0.006008481,,0.00197314,0.007400485,0.007247282,0.013313754
,-0.02469095,0.002016072,0.006170794,,0.002016072,0.004594824,0.006018152,,0.002016072,0.007366635,0.00732817,0.013334716
,-0.024597299,0.002061276,0.006209138,,0.002061276,0.004449987,0.006041769,,0.002061276,0.007322805,0.007385657,0.013328665
,-0.024521964,0.002090083,0.006215764,,0.002090083,0.004268206,0.006073978,,0.002090083,0.007260337,0.00742023,0.013298377
,-0.024448298,0.002113429,0.006203339,,0.002113429,0.004036655,0.006109196,,0.002113429,0.007193847,0.007427122,0.013230375
,-0.024371024,0.002150676,0.006187216,,0.002150676,0.003779864,0.006147708,,0.002150676,0.007160427,0.007404583,0.013131453
,-0.024280133,0.002208876,0.006158961,,0.002208876,0.003530987,0.006170098,,0.002208876,0.007166708,0.00734667,0.01301371
,-0.024141943,0.002254166,0.006119095,,0.002254166,0.003298987,0.00617459,,0.002254166,0.007203732,0.007270226,0.01289009
,-0.023957008,0.002281169,0.006072599,,0.002281169,0.003087127,0.006165726,,0.002281169,0.007264973,0.007181909,0.012762844
,-0.023757751,0.002294267,0.006027001,,0.002294267,0.002911087,0.006158982,,0.002294267,0.007352799,0.007078457,0.012646173
,-0.023541468,0.002288662,0.005958231,,0.002288662,0.002785614,0.006125942,,0.002288662,0.007452973,0.006953004,0.012530681
,-0.023300725,0.002247384,0.005859381,,0.002247384,0.002724676,0.00606646,,0.002247384,0.0075671,0.006828032,0.01240881
,-0.023085622,0.002185283,0.005744454,,0.002185283,0.002706633,0.005991656,,0.002185283,0.007717239,0.006734246,0.012286066
,-0.022893878,0.002120329,0.005616443,,0.002120329,0.002723427,0.005901888,,0.002120329,0.007910854,0.006665423,0.012177181
,-0.022736405,0.002060918,0.005465965,,0.002060918,0.002784819,0.005794165,,0.002060918,0.008117527,0.006616657,0.012094498
,-0.022603754,0.001993196,0.005287617,,0.001993196,0.002877281,0.005673917,,0.001993196,0.008303076,0.006597454,0.012041267
,-0.022495628,0.001926493,0.005094379,,0.001926493,0.002969275,0.005552726,,0.001926493,0.008470137,0.00660301,0.012016075
,-0.022387568,0.001881727,0.004890378,,0.001881727,0.003066484,0.005437386,,0.001881727,0.008599591,0.006608161,0.012007682
,-0.022275107,0.00185086,0.004661148,,0.00185086,0.003174085,0.00532508,,0.00185086,0.008698292,0.006604904,0.012012482
,-0.02213249,0.001806836,0.004412205,,0.001806836,0.003278212,0.005192251,,0.001806836,0.008772154,0.006601456,0.012003985
,-0.021966088,0.001763069,0.004177734,,0.001763069,0.003358297,0.005061655,,0.001763069,0.008818051,0.006600369,0.011969612
,-0.021789828,0.00173117,0.00398421,,0.00173117,0.003415646,0.004933109,,0.00173117,0.008818242,0.006600149,0.011928538
,-0.021595903,0.001697676,0.003823485,,0.001697676,0.003467724,0.004789997,,0.001697676,0.008782917,0.006587194,0.011881524
,-0.021387337,0.001651299,0.003695544,,0.001651299,0.003512433,0.004619899,,0.001651299,0.008713039,0.006572799,0.011802372
,-0.021173647,0.001594388,0.003604323,,0.001594388,0.003537115,0.004442803,,0.001594388,0.008616193,0.006560492,0.011695055
,-0.020961542,0.001524969,0.00353911,,0.001524969,0.003551822,0.004255926,,0.001524969,0.008512847,0.006522586,0.011587157
,-0.020744028,0.001432889,0.003484829,,0.001432889,0.003562831,0.004051518,,0.001432889,0.008421758,0.006459111,0.011460083
,-0.020532,0.001305775,0.003446613,,0.001305775,0.003562474,0.00382649,,0.001305775,0.008342995,0.006382606,0.011301548
,-0.020325664,0.001140057,0.003453752,,0.001140057,0.003541691,0.003600391,,0.001140057,0.00825942,0.006303359,0.011123232
,-0.020126639,0.000974272,0.003507852,,0.000974272,0.00350615,0.003381161,,0.000974272,0.008187913,0.006209956,0.010954992
,-0.019931772,0.000810559,0.003586676,,0.000810559,0.003478481,0.00317147,,0.000810559,0.008143376,0.006120007,0.010805845
,-0.019741763,0.000646577,0.003656395,,0.000646577,0.003453042,0.002984721,,0.000646577,0.008122792,0.006032874,0.010653277
,-0.019558719,0.000490726,0.003710773,,0.000490726,0.003416633,0.002831305,,0.000490726,0.008119558,0.005946291,0.010510026
